id	date	fajr	maghrib	region_id
17	2021-04-13	4:25:00	19:03:00	1
18	2021-04-14	4:24:00	19:04:00	1
19	2021-04-15	4:22:00	19:05:00	1
20	2021-04-16	4:20:00	19:06:00	1
21	2021-04-17	4:18:00	19:07:00	1
22	2021-04-18	4:16:00	19:08:00	1
23	2021-04-19	4:14:00	19:09:00	1
24	2021-04-20	4:13:00	19:10:00	1
25	2021-04-21	4:11:00	19:11:00	1
26	2021-04-22	4:09:00	19:13:00	1
27	2021-04-23	4:07:00	19:14:00	1
28	2021-04-24	4:05:00	19:15:00	1
29	2021-04-25	4:04:00	19:16:00	1
30	2021-04-26	4:02:00	19:17:00	1
31	2021-04-27	4:00:00	19:18:00	1
32	2021-04-28	3:58:00	19:19:00	1
33	2021-04-29	3:57:00	19:20:00	1
34	2021-04-30	3:55:00	19:21:00	1
35	2021-05-01	3:53:00	19:22:00	1
36	2021-05-02	3:51:00	19:23:00	1
37	2021-05-03	3:50:00	19:24:00	1
38	2021-05-04	3:48:00	19:25:00	1
39	2021-05-05	3:46:00	19:26:00	1
40	2021-05-06	3:45:00	19:27:00	1
41	2021-05-07	3:43:00	19:28:00	1
42	2021-05-08	3:42:00	19:29:00	1
43	2021-05-09	3:40:00	19:31:00	1
44	2021-05-10	3:39:00	19:32:00	1
45	2021-05-11	3:37:00	19:33:00	1
46	2021-05-12	3:36:00	19:34:00	1
47	2021-04-13	5:01:00	19:39:00	2
48	2021-04-14	5:00:00	19:40:00	2
49	2021-04-15	4:58:00	19:41:00	2
50	2021-04-16	4:56:00	19:42:00	2
51	2021-04-17	4:54:00	19:43:00	2
52	2021-04-18	4:52:00	19:44:00	2
53	2021-04-19	4:50:00	19:45:00	2
54	2021-04-20	4:49:00	19:46:00	2
55	2021-04-21	4:47:00	19:47:00	2
56	2021-04-22	4:45:00	19:49:00	2
57	2021-04-23	4:43:00	19:50:00	2
58	2021-04-24	4:41:00	19:51:00	2
59	2021-04-25	4:40:00	19:52:00	2
60	2021-04-26	4:38:00	19:53:00	2
61	2021-04-27	4:36:00	19:54:00	2
62	2021-04-28	4:34:00	19:55:00	2
63	2021-04-29	4:33:00	19:56:00	2
64	2021-04-30	4:31:00	19:57:00	2
65	2021-05-01	4:29:00	19:58:00	2
66	2021-05-02	4:27:00	19:59:00	2
67	2021-05-03	4:26:00	20:00:00	2
68	2021-05-04	4:24:00	20:01:00	2
69	2021-05-05	4:22:00	20:02:00	2
70	2021-05-06	4:21:00	20:03:00	2
71	2021-05-07	4:19:00	20:04:00	2
72	2021-05-08	4:18:00	20:05:00	2
73	2021-05-09	4:16:00	20:07:00	2
74	2021-05-10	4:15:00	20:08:00	2
75	2021-05-11	4:13:00	20:09:00	2
76	2021-05-12	4:12:00	20:10:00	2
77	2021-04-13	5:00:00	19:38:00	3
78	2021-04-14	4:59:00	19:39:00	3
79	2021-04-15	4:57:00	19:40:00	3
80	2021-04-16	4:55:00	19:41:00	3
81	2021-04-17	4:53:00	19:42:00	3
82	2021-04-18	4:51:00	19:43:00	3
83	2021-04-19	4:49:00	19:44:00	3
84	2021-04-20	4:48:00	19:45:00	3
85	2021-04-21	4:46:00	19:46:00	3
86	2021-04-22	4:44:00	19:48:00	3
87	2021-04-23	4:42:00	19:49:00	3
88	2021-04-24	4:40:00	19:50:00	3
89	2021-04-25	4:39:00	19:51:00	3
90	2021-04-26	4:37:00	19:52:00	3
91	2021-04-27	4:35:00	19:53:00	3
92	2021-04-28	4:33:00	19:54:00	3
93	2021-04-29	4:32:00	19:55:00	3
94	2021-04-30	4:30:00	19:56:00	3
95	2021-05-01	4:28:00	19:57:00	3
96	2021-05-02	4:26:00	19:58:00	3
97	2021-05-03	4:25:00	19:59:00	3
98	2021-05-04	4:23:00	20:00:00	3
99	2021-05-05	4:21:00	20:01:00	3
100	2021-05-06	4:20:00	20:02:00	3
101	2021-05-07	4:18:00	20:03:00	3
102	2021-05-08	4:17:00	20:04:00	3
103	2021-05-09	4:15:00	20:06:00	3
104	2021-05-10	4:14:00	20:07:00	3
105	2021-05-11	4:12:00	20:08:00	3
106	2021-05-12	4:11:00	20:09:00	3
107	2021-04-13	5:01:00	19:39:00	4
108	2021-04-14	5:00:00	19:40:00	4
109	2021-04-15	4:58:00	19:41:00	4
110	2021-04-16	4:56:00	19:42:00	4
111	2021-04-17	4:54:00	19:43:00	4
112	2021-04-18	4:52:00	19:44:00	4
113	2021-04-19	4:50:00	19:45:00	4
114	2021-04-20	4:49:00	19:46:00	4
115	2021-04-21	4:47:00	19:47:00	4
116	2021-04-22	4:45:00	19:49:00	4
117	2021-04-23	4:43:00	19:50:00	4
118	2021-04-24	4:41:00	19:51:00	4
119	2021-04-25	4:40:00	19:52:00	4
120	2021-04-26	4:38:00	19:53:00	4
121	2021-04-27	4:36:00	19:54:00	4
122	2021-04-28	4:34:00	19:55:00	4
123	2021-04-29	4:33:00	19:56:00	4
124	2021-04-30	4:31:00	19:57:00	4
125	2021-05-01	4:29:00	19:58:00	4
126	2021-05-02	4:27:00	19:59:00	4
127	2021-05-03	4:26:00	20:00:00	4
128	2021-05-04	4:24:00	20:01:00	4
129	2021-05-05	4:22:00	20:02:00	4
130	2021-05-06	4:21:00	20:03:00	4
131	2021-05-07	4:19:00	20:04:00	4
132	2021-05-08	4:18:00	20:05:00	4
133	2021-05-09	4:16:00	20:07:00	4
134	2021-05-10	4:15:00	20:08:00	4
135	2021-05-11	4:13:00	20:09:00	4
136	2021-05-12	4:12:00	20:10:00	4
137	2021-04-13	4:39:00	19:11:00	5
138	2021-04-14	4:38:00	19:12:00	5
139	2021-04-15	4:36:00	19:13:00	5
140	2021-04-16	4:34:00	19:14:00	5
141	2021-04-17	4:32:00	19:15:00	5
142	2021-04-18	4:30:00	19:16:00	5
143	2021-04-19	4:28:00	19:17:00	5
144	2021-04-20	4:28:00	19:18:00	5
145	2021-04-21	4:26:00	19:19:00	5
146	2021-04-22	4:24:00	19:21:00	5
147	2021-04-23	4:22:00	19:22:00	5
148	2021-04-24	4:20:00	19:23:00	5
149	2021-04-25	4:19:00	19:24:00	5
150	2021-04-26	4:17:00	19:25:00	5
151	2021-04-27	4:15:00	19:26:00	5
152	2021-04-28	4:13:00	19:27:00	5
153	2021-04-29	4:12:00	19:28:00	5
154	2021-04-30	4:11:00	19:28:00	5
155	2021-05-01	4:09:00	19:29:00	5
156	2021-05-02	4:07:00	19:30:00	5
157	2021-05-03	4:06:00	19:31:00	5
158	2021-05-04	4:04:00	19:32:00	5
159	2021-05-05	4:02:00	19:33:00	5
160	2021-05-06	4:01:00	19:34:00	5
161	2021-05-07	3:59:00	19:35:00	5
162	2021-05-08	3:58:00	19:36:00	5
163	2021-05-09	3:56:00	19:38:00	5
164	2021-05-10	3:55:00	19:38:00	5
165	2021-05-11	3:53:00	19:39:00	5
166	2021-05-12	3:52:00	19:40:00	5
167	2021-04-13	4:17:00	18:53:00	6
168	2021-04-14	4:16:00	18:54:00	6
169	2021-04-15	4:14:00	18:55:00	6
170	2021-04-16	4:12:00	18:56:00	6
171	2021-04-17	4:10:00	18:57:00	6
172	2021-04-18	4:08:00	18:58:00	6
173	2021-04-19	4:06:00	18:59:00	6
174	2021-04-20	4:05:00	19:00:00	6
175	2021-04-21	4:03:00	19:01:00	6
176	2021-04-22	4:01:00	19:03:00	6
177	2021-04-23	3:59:00	19:04:00	6
178	2021-04-24	3:57:00	19:05:00	6
179	2021-04-25	3:56:00	19:06:00	6
180	2021-04-26	3:54:00	19:07:00	6
181	2021-04-27	3:52:00	19:08:00	6
182	2021-04-28	3:50:00	19:09:00	6
183	2021-04-29	3:49:00	19:10:00	6
184	2021-04-30	3:47:00	19:11:00	6
185	2021-05-01	3:45:00	19:12:00	6
186	2021-05-02	3:43:00	19:13:00	6
187	2021-05-03	3:42:00	19:14:00	6
188	2021-05-04	3:40:00	19:15:00	6
189	2021-05-05	3:38:00	19:16:00	6
190	2021-05-06	3:37:00	19:17:00	6
191	2021-05-07	3:35:00	19:18:00	6
192	2021-05-08	3:34:00	19:19:00	6
193	2021-05-09	3:32:00	19:21:00	6
194	2021-05-10	3:31:00	19:22:00	6
195	2021-05-11	3:29:00	19:23:00	6
196	2021-05-12	3:28:00	19:24:00	6
197	2021-04-13	4:44:00	19:18:00	7
198	2021-04-14	4:43:00	19:19:00	7
199	2021-04-15	4:41:00	19:20:00	7
200	2021-04-16	4:39:00	19:21:00	7
201	2021-04-17	4:37:00	19:22:00	7
202	2021-04-18	4:35:00	19:23:00	7
203	2021-04-19	4:33:00	19:24:00	7
204	2021-04-20	4:33:00	19:25:00	7
205	2021-04-21	4:31:00	19:26:00	7
206	2021-04-22	4:29:00	19:28:00	7
207	2021-04-23	4:27:00	19:29:00	7
208	2021-04-24	4:25:00	19:30:00	7
209	2021-04-25	4:24:00	19:31:00	7
210	2021-04-26	4:22:00	19:32:00	7
211	2021-04-27	4:20:00	19:33:00	7
212	2021-04-28	4:18:00	19:34:00	7
213	2021-04-29	4:17:00	19:35:00	7
214	2021-04-30	4:15:00	19:36:00	7
215	2021-05-01	4:13:00	19:37:00	7
216	2021-05-02	4:11:00	19:38:00	7
217	2021-05-03	4:10:00	19:39:00	7
218	2021-05-04	4:08:00	19:40:00	7
219	2021-05-05	4:06:00	19:41:00	7
220	2021-05-06	4:05:00	19:42:00	7
221	2021-05-07	4:03:00	19:43:00	7
222	2021-05-08	4:02:00	19:44:00	7
223	2021-05-09	4:00:00	19:46:00	7
224	2021-05-10	4:00:00	19:47:00	7
225	2021-05-11	3:58:00	19:48:00	7
226	2021-05-12	3:57:00	19:49:00	7
227	2021-04-13	4:34:00	19:08:00	8
228	2021-04-14	4:33:00	19:09:00	8
229	2021-04-15	4:31:00	19:10:00	8
230	2021-04-16	4:29:00	19:11:00	8
231	2021-04-17	4:27:00	19:12:00	8
232	2021-04-18	4:25:00	19:13:00	8
233	2021-04-19	4:23:00	19:14:00	8
234	2021-04-20	4:23:00	19:15:00	8
235	2021-04-21	4:21:00	19:16:00	8
236	2021-04-22	4:19:00	19:18:00	8
237	2021-04-23	4:17:00	19:19:00	8
238	2021-04-24	4:15:00	19:20:00	8
239	2021-04-25	4:14:00	19:21:00	8
240	2021-04-26	4:12:00	19:22:00	8
241	2021-04-27	4:10:00	19:23:00	8
242	2021-04-28	4:08:00	19:24:00	8
243	2021-04-29	4:07:00	19:25:00	8
244	2021-04-30	4:05:00	19:26:00	8
245	2021-05-01	4:03:00	19:27:00	8
246	2021-05-02	4:01:00	19:28:00	8
247	2021-05-03	4:00:00	19:29:00	8
248	2021-05-04	3:58:00	19:30:00	8
249	2021-05-05	3:56:00	19:31:00	8
250	2021-05-06	3:55:00	19:32:00	8
251	2021-05-07	3:53:00	19:33:00	8
252	2021-05-08	3:52:00	19:34:00	8
253	2021-05-09	3:50:00	19:36:00	8
254	2021-05-10	3:50:00	19:36:00	8
255	2021-05-11	3:48:00	19:37:00	8
256	2021-05-12	3:47:00	19:38:00	8
257	2021-04-13	5:01:00	19:42:00	9
258	2021-04-14	5:00:00	19:43:00	9
259	2021-04-15	4:58:00	19:44:00	9
260	2021-04-16	4:56:00	19:45:00	9
261	2021-04-17	4:54:00	19:46:00	9
262	2021-04-18	4:52:00	19:47:00	9
263	2021-04-19	4:50:00	19:48:00	9
264	2021-04-20	4:48:00	19:49:00	9
265	2021-04-21	4:46:00	19:50:00	9
266	2021-04-22	4:44:00	19:52:00	9
267	2021-04-23	4:42:00	19:53:00	9
268	2021-04-24	4:40:00	19:54:00	9
269	2021-04-25	4:39:00	19:55:00	9
270	2021-04-26	4:37:00	19:56:00	9
271	2021-04-27	4:35:00	19:57:00	9
272	2021-04-28	4:33:00	19:58:00	9
273	2021-04-29	4:32:00	19:59:00	9
274	2021-04-30	4:29:00	20:01:00	9
275	2021-05-01	4:27:00	20:02:00	9
276	2021-05-02	4:25:00	20:03:00	9
277	2021-05-03	4:24:00	20:04:00	9
278	2021-05-04	4:22:00	20:05:00	9
279	2021-05-05	4:20:00	20:06:00	9
280	2021-05-06	4:19:00	20:07:00	9
281	2021-05-07	4:17:00	20:08:00	9
282	2021-05-08	4:16:00	20:09:00	9
283	2021-05-09	4:14:00	20:11:00	9
284	2021-05-10	4:12:00	20:12:00	9
285	2021-05-11	4:10:00	20:13:00	9
286	2021-05-12	4:09:00	20:14:00	9
287	2021-04-13	4:45:00	19:16:00	10
288	2021-04-14	4:44:00	19:17:00	10
289	2021-04-15	4:42:00	19:18:00	10
290	2021-04-16	4:40:00	19:19:00	10
291	2021-04-17	4:38:00	19:20:00	10
292	2021-04-18	4:36:00	19:21:00	10
293	2021-04-19	4:34:00	19:22:00	10
294	2021-04-20	4:35:00	19:22:00	10
295	2021-04-21	4:33:00	19:23:00	10
296	2021-04-22	4:31:00	19:25:00	10
297	2021-04-23	4:29:00	19:26:00	10
298	2021-04-24	4:27:00	19:27:00	10
299	2021-04-25	4:26:00	19:28:00	10
300	2021-04-26	4:24:00	19:29:00	10
301	2021-04-27	4:22:00	19:30:00	10
302	2021-04-28	4:20:00	19:31:00	10
303	2021-04-29	4:19:00	19:32:00	10
304	2021-04-30	4:18:00	19:33:00	10
305	2021-05-01	4:16:00	19:34:00	10
306	2021-05-02	4:14:00	19:35:00	10
307	2021-05-03	4:13:00	19:36:00	10
308	2021-05-04	4:11:00	19:37:00	10
309	2021-05-05	4:09:00	19:38:00	10
310	2021-05-06	4:08:00	19:39:00	10
311	2021-05-07	4:06:00	19:40:00	10
312	2021-05-08	4:05:00	19:41:00	10
313	2021-05-09	4:03:00	19:43:00	10
314	2021-05-10	4:03:00	19:43:00	10
315	2021-05-11	4:01:00	19:44:00	10
316	2021-05-12	4:00:00	19:45:00	10
317	2021-04-13	4:18:00	18:53:00	11
318	2021-04-14	4:17:00	18:54:00	11
319	2021-04-15	4:15:00	18:55:00	11
320	2021-04-16	4:13:00	18:56:00	11
321	2021-04-17	4:11:00	18:57:00	11
322	2021-04-18	4:09:00	18:58:00	11
323	2021-04-19	4:07:00	18:59:00	11
324	2021-04-20	4:06:00	19:00:00	11
325	2021-04-21	4:04:00	19:01:00	11
326	2021-04-22	4:02:00	19:03:00	11
327	2021-04-23	4:00:00	19:04:00	11
328	2021-04-24	3:58:00	19:05:00	11
329	2021-04-25	3:57:00	19:06:00	11
330	2021-04-26	3:55:00	19:07:00	11
331	2021-04-27	3:53:00	19:08:00	11
332	2021-04-28	3:51:00	19:09:00	11
333	2021-04-29	3:50:00	19:10:00	11
334	2021-04-30	3:49:00	19:11:00	11
335	2021-05-01	3:47:00	19:12:00	11
336	2021-05-02	3:45:00	19:13:00	11
337	2021-05-03	3:44:00	19:14:00	11
338	2021-05-04	3:42:00	19:15:00	11
339	2021-05-05	3:40:00	19:16:00	11
340	2021-05-06	3:39:00	19:17:00	11
341	2021-05-07	3:37:00	19:18:00	11
342	2021-05-08	3:36:00	19:19:00	11
343	2021-05-09	3:34:00	19:21:00	11
344	2021-05-10	3:33:00	19:21:00	11
345	2021-05-11	3:31:00	19:22:00	11
346	2021-05-12	3:30:00	19:23:00	11
347	2021-04-13	4:21:00	18:56:00	12
348	2021-04-14	4:20:00	18:57:00	12
349	2021-04-15	4:18:00	18:58:00	12
350	2021-04-16	4:16:00	18:59:00	12
351	2021-04-17	4:14:00	19:00:00	12
352	2021-04-18	4:12:00	19:01:00	12
353	2021-04-19	4:10:00	19:02:00	12
354	2021-04-20	4:09:00	19:02:00	12
355	2021-04-21	4:07:00	19:03:00	12
356	2021-04-22	4:05:00	19:05:00	12
357	2021-04-23	4:03:00	19:06:00	12
358	2021-04-24	4:01:00	19:07:00	12
359	2021-04-25	4:00:00	19:08:00	12
360	2021-04-26	3:58:00	19:09:00	12
361	2021-04-27	3:56:00	19:10:00	12
362	2021-04-28	3:54:00	19:11:00	12
363	2021-04-29	3:53:00	19:12:00	12
364	2021-04-30	3:51:00	19:13:00	12
365	2021-05-01	3:49:00	19:14:00	12
366	2021-05-02	3:47:00	19:15:00	12
367	2021-05-03	3:46:00	19:16:00	12
368	2021-05-04	3:44:00	19:17:00	12
369	2021-05-05	3:42:00	19:18:00	12
370	2021-05-06	3:41:00	19:19:00	12
371	2021-05-07	3:39:00	19:20:00	12
372	2021-05-08	3:38:00	19:21:00	12
373	2021-05-09	3:36:00	19:23:00	12
374	2021-05-10	3:36:00	19:24:00	12
375	2021-05-11	3:34:00	19:25:00	12
376	2021-05-12	3:33:00	19:26:00	12
377	2021-04-13	4:43:00	19:10:00	13
378	2021-04-14	4:42:00	19:11:00	13
379	2021-04-15	4:40:00	19:12:00	13
380	2021-04-16	4:38:00	19:13:00	13
381	2021-04-17	4:36:00	19:14:00	13
382	2021-04-18	4:34:00	19:15:00	13
383	2021-04-19	4:32:00	19:16:00	13
384	2021-04-20	4:33:00	19:15:00	13
385	2021-04-21	4:31:00	19:16:00	13
386	2021-04-22	4:29:00	19:18:00	13
387	2021-04-23	4:27:00	19:19:00	13
388	2021-04-24	4:25:00	19:20:00	13
389	2021-04-25	4:24:00	19:21:00	13
390	2021-04-26	4:22:00	19:22:00	13
391	2021-04-27	4:20:00	19:23:00	13
392	2021-04-28	4:18:00	19:24:00	13
393	2021-04-29	4:17:00	19:25:00	13
394	2021-04-30	4:18:00	19:25:00	13
395	2021-05-01	4:16:00	19:26:00	13
396	2021-05-02	4:14:00	19:27:00	13
397	2021-05-03	4:13:00	19:28:00	13
398	2021-05-04	4:11:00	19:29:00	13
399	2021-05-05	4:09:00	19:30:00	13
400	2021-05-06	4:08:00	19:31:00	13
401	2021-05-07	4:06:00	19:32:00	13
402	2021-05-08	4:05:00	19:33:00	13
403	2021-05-09	4:03:00	19:35:00	13
404	2021-05-10	4:04:00	19:34:00	13
405	2021-05-11	4:02:00	19:35:00	13
406	2021-05-12	4:01:00	19:36:00	13
407	2021-04-13	4:15:00	18:50:00	14
408	2021-04-14	4:14:00	18:51:00	14
409	2021-04-15	4:12:00	18:52:00	14
410	2021-04-16	4:10:00	18:53:00	14
411	2021-04-17	4:08:00	18:54:00	14
412	2021-04-18	4:06:00	18:55:00	14
413	2021-04-19	4:04:00	18:56:00	14
414	2021-04-20	4:03:00	18:57:00	14
415	2021-04-21	4:01:00	18:58:00	14
416	2021-04-22	3:59:00	19:00:00	14
417	2021-04-23	3:57:00	19:01:00	14
418	2021-04-24	3:55:00	19:02:00	14
419	2021-04-25	3:54:00	19:03:00	14
420	2021-04-26	3:52:00	19:04:00	14
421	2021-04-27	3:50:00	19:05:00	14
422	2021-04-28	3:48:00	19:06:00	14
423	2021-04-29	3:47:00	19:07:00	14
424	2021-04-30	3:45:00	19:08:00	14
425	2021-05-01	3:43:00	19:09:00	14
426	2021-05-02	3:41:00	19:10:00	14
427	2021-05-03	3:40:00	19:11:00	14
428	2021-05-04	3:38:00	19:12:00	14
429	2021-05-05	3:36:00	19:13:00	14
430	2021-05-06	3:35:00	19:14:00	14
431	2021-05-07	3:33:00	19:15:00	14
432	2021-05-08	3:32:00	19:16:00	14
433	2021-05-09	3:30:00	19:18:00	14
434	2021-05-10	3:29:00	19:18:00	14
435	2021-05-11	3:27:00	19:19:00	14
436	2021-05-12	3:26:00	19:20:00	14
437	2021-04-13	4:49:00	19:22:00	15
438	2021-04-14	4:48:00	19:23:00	15
439	2021-04-15	4:46:00	19:24:00	15
440	2021-04-16	4:44:00	19:25:00	15
441	2021-04-17	4:42:00	19:26:00	15
442	2021-04-18	4:40:00	19:27:00	15
443	2021-04-19	4:38:00	19:28:00	15
444	2021-04-20	4:37:00	19:28:00	15
445	2021-04-21	4:35:00	19:29:00	15
446	2021-04-22	4:33:00	19:31:00	15
447	2021-04-23	4:31:00	19:32:00	15
448	2021-04-24	4:29:00	19:33:00	15
449	2021-04-25	4:28:00	19:34:00	15
450	2021-04-26	4:26:00	19:35:00	15
451	2021-04-27	4:24:00	19:36:00	15
452	2021-04-28	4:22:00	19:37:00	15
453	2021-04-29	4:21:00	19:38:00	15
454	2021-04-30	4:20:00	19:39:00	15
455	2021-05-01	4:18:00	19:40:00	15
456	2021-05-02	4:16:00	19:41:00	15
457	2021-05-03	4:15:00	19:42:00	15
458	2021-05-04	4:13:00	19:43:00	15
459	2021-05-05	4:11:00	19:44:00	15
460	2021-05-06	4:10:00	19:45:00	15
461	2021-05-07	4:08:00	19:46:00	15
462	2021-05-08	4:07:00	19:47:00	15
463	2021-05-09	4:05:00	19:49:00	15
464	2021-05-10	4:05:00	19:49:00	15
465	2021-05-11	4:03:00	19:50:00	15
466	2021-05-12	4:02:00	19:51:00	15
467	2021-04-13	4:30:00	19:05:00	16
468	2021-04-14	4:29:00	19:06:00	16
469	2021-04-15	4:27:00	19:07:00	16
470	2021-04-16	4:25:00	19:08:00	16
471	2021-04-17	4:23:00	19:09:00	16
472	2021-04-18	4:21:00	19:10:00	16
473	2021-04-19	4:19:00	19:11:00	16
474	2021-04-20	4:18:00	19:11:00	16
475	2021-04-21	4:16:00	19:12:00	16
476	2021-04-22	4:14:00	19:14:00	16
477	2021-04-23	4:12:00	19:15:00	16
478	2021-04-24	4:10:00	19:16:00	16
479	2021-04-25	4:09:00	19:17:00	16
480	2021-04-26	4:07:00	19:18:00	16
481	2021-04-27	4:05:00	19:19:00	16
482	2021-04-28	4:03:00	19:20:00	16
483	2021-04-29	4:02:00	19:21:00	16
484	2021-04-30	4:00:00	19:22:00	16
485	2021-05-01	3:58:00	19:23:00	16
486	2021-05-02	3:56:00	19:24:00	16
487	2021-05-03	3:55:00	19:25:00	16
488	2021-05-04	3:53:00	19:26:00	16
489	2021-05-05	3:51:00	19:27:00	16
490	2021-05-06	3:50:00	19:28:00	16
491	2021-05-07	3:48:00	19:29:00	16
492	2021-05-08	3:47:00	19:30:00	16
493	2021-05-09	3:45:00	19:32:00	16
494	2021-05-10	3:44:00	19:33:00	16
495	2021-05-11	3:42:00	19:34:00	16
496	2021-05-12	3:41:00	19:35:00	16
